{
  "train_lr": "0.000001",
  "train_loss": "6.196515",
  "train_loss_ita": "4.160992",
  "train_loss_mlm": "2.035523",
  "train_loss_SI": "0.000000",
  "test_txt_r1": 0.0,
  "test_txt_r5": 20.833333333333332,
  "test_txt_r10": 41.666666666666664,
  "test_txt_r_mean": 20.833333333333332,
  "test_img_r1": 4.166666666666667,
  "test_img_r5": 25.0,
  "test_img_r10": 41.666666666666664,
  "test_img_r_mean": 23.61111111111111,
  "test_r_mean": 22.22222222222222,
  "task": "食品/保健",
  "iteration": 0,
  "txt_r1,img_r1,mean_r1,r_mean": "0.00/4.17/2.08/22.22"
}{
  "train_lr": "0.000001",
  "train_loss": "5.794086",
  "train_loss_ita": "4.158477",
  "train_loss_mlm": "1.635330",
  "train_loss_SI": "0.000279",
  "test_txt_r1": 2.380952380952381,
  "test_txt_r5": 5.9523809523809526,
  "test_txt_r10": 10.714285714285714,
  "test_txt_r_mean": 6.349206349206349,
  "test_img_r1": 1.1904761904761905,
  "test_img_r5": 5.9523809523809526,
  "test_img_r10": 11.904761904761905,
  "test_img_r_mean": 6.349206349206349,
  "test_r_mean": 6.349206349206349,
  "task": "家居用品",
  "iteration": 1,
  "txt_r1,img_r1,mean_r1,r_mean": "2.38/1.19/1.79/6.35"
}